lon,lat,unidade
-46.7278443,-23.6213747,etec-abdias-do-nascimento-ceu-casa-blanca
-46.7278443,-23.6213747,etec-abdias-do-nascimento
-46.678684,-24.12219,etec-adolpho-berezin
-46.6599827,-23.5049791,etec-albert-einstein
-46.2736345,-23.9935686,etec-alberto-santos-dumont-em-jose-de-oliveira-santos-bertioga
-46.2736345,-23.9935686,etec-alberto-santos-dumont
-48.51530409999999,-21.2778424,etec-alcides-cestari
-50.8763566,-21.7919056,etec-amim-jundi-etec-amim-jundi-emef-profa-zizi-pereira-de-souza-parapuaparapua
-50.8763566,-21.7919056,etec-amim-jundi
-47.607809,-21.2013547,etec-angelo-cavalheiro
-47.5860797,-20.899979,etec-antonio-de-padua-cardoso
-49.9539894,-22.2082348,etec-antonio-devisate-ee-cultura-e-liberdade
-49.9539894,-22.2082348,etec-antonio-devisate-ee-monsenhor-bicudo
-49.9539894,-22.2082348,etec-antonio-devisate
-46.8648351,-23.5105378,etec-antonio-furlan
-47.749369177718805,-20.01971115294452,etec-antonio-junqueira-da-veiga
-46.3097957,-23.9799581,etec-aristoteles-ferreira
-47.5735727,-23.6448815,etec-armando-pannunzio-emef-vereadora-celia-dias-batista-dos-santos-salto-de-pirapora
-47.4472184,-23.5235879,etec-armando-pannunzio
-46.9753177,-22.0587595,etec-arnaldo-pereira-cheregatti
-49.3211005,-22.4793229,etec-astor-de-mattos-carvalho-ee-prof-christino-cabral
-49.3211005,-22.4793229,etec-astor-de-mattos-carvalho
-50.5973968,-22.4152584,etec-augusto-tortolero-araujo
-46.87814710286887,-23.40695804930384,etec-bartolomeu-bueno-da-silva-anhanguera
-46.981516,-23.028518,etec-benedito-storani-centro-de-educacao-profissional-de-vinhedo-vinhedo
-46.9749528,-23.0988461,etec-benedito-storani-emeb-jose-odair-montelatto-louveira
-46.9434555,-23.1887655,etec-benedito-storani
-46.47811030286432,-23.57481091121549,etec-bento-carlos-botelho-do-amaral-ee-aurelio-arrobas-martins
-48.2211127299054,-21.358786764286783,etec-bento-carlos-botelho-do-amaral-faculdade-de-tecnologia-nilo-de-stefani
-48.22119856059006,-21.358706828598557,etec-bento-carlos-botelho-do-amaral
-47.04671099999999,-22.8881307,etec-bento-quirino-ee-deputado-eduardo-barnabe
-47.04671099999999,-22.8881307,etec-bento-quirino-ee-francisco-glicerio
-47.04671099999999,-22.8881307,etec-bento-quirino-ee-hercy-moraes
-47.04671099999999,-22.8881307,etec-bento-quirino
-46.6217604,-23.5381644,etec-carlos-de-campos-ee-presidente-roosevelt
-46.6217604,-23.5381644,etec-carlos-de-campos-fatec-do-ipiranga-pastor-eneas-tognini
-46.6217604,-23.5381644,etec-carlos-de-campos
-46.7294153,-23.6623375,etec-carolina-carinhato-sampaio-ceu-campo-limpo
-46.7294153,-23.6623375,etec-carolina-carinhato-sampaio-ceu-cantos-do-amanhecer
-46.7696011,-23.6746244,etec-carolina-carinhato-sampaio-ceu-capao-redondo
-46.7294153,-23.6623375,etec-carolina-carinhato-sampaio-ceu-tres-lagos
-46.7294153,-23.6623375,etec-carolina-carinhato-sampaio
-46.7255563,-23.5666331,etec-cepam
-48.8026631,-22.6041247,etec-cidade-do-livro-ee-virgilio-capoani
-48.7923319,-22.6250485,etec-cidade-do-livro
-48.5461716,-22.489273,etec-comendador-joao-rays
-45.9685284,-23.2972748,etec-conego-jose-bento
-47.101605,-22.8635411,etec-conselheiro-antonio-prado
-47.64842667405052,-22.718735568601613,etec-coronel-fernando-febeliano-da-costa-fatec-deputado-roque-trevisan
-47.6484374,-22.7187059,etec-coronel-fernando-febeliano-da-costa
-48.5808116,-20.5557208,etec-coronel-raphael-brandao-ee-doutor-antonio-olympio
-48.5808116,-20.5557208,etec-coronel-raphael-brandao
-48.0422902,-23.6274589,etec-darcy-pereira-de-moraes
-48.8464649,-24.5090143,etec-de-apiai
-50.4441175,-21.2117465,etec-de-aracatuba-ee-manoel-bento-da-cruz
-50.6449793,-21.2552944,etec-de-aracatuba-em-prof-celso-geraldo-queiroz-guararapes
-50.4503561,-21.1816369,etec-de-aracatuba-emef-dona-conceicao-de-oliveira-moreira-auriflama
-50.4503561,-21.1816369,etec-de-aracatuba-faculdade-de-tecnologia-professor-fernando-amaral-de-almeida-prado
-50.4503561,-21.1816369,etec-de-aracatuba
-46.623268,-23.508711,etec-de-artes
-46.5423239,-22.9531705,etec-de-braganca-paulista-fatec-jornalista-omair-fagundes-de-oliveira
-46.5423239,-22.9531705,etec-de-braganca-paulista-polo-universidade-aberta-do-brasil-uab-braganca-paulista
-46.5423239,-22.9531705,etec-de-braganca-paulista
-46.8347191,-23.2188706,etec-de-campo-limpo-paulista-emef-professora-edite-scheneider-varzea-paulista
-46.766872,-23.235196,etec-de-campo-limpo-paulista
-45.4265242,-23.636584,etec-de-caraguatatuba-em-padre-jose-de-anchieta-ubatuba
-45.4265242,-23.636584,etec-de-caraguatatuba
-46.8350977,-23.5169863,etec-de-carapicuiba-fatec-de-carapicuiba
-46.8350977,-23.5169863,etec-de-carapicuiba
-47.7620225,-23.162984,etec-de-cerquilho
-46.4079561,-23.5934478,etec-de-cidade-tiradentes-ceu-agua-azul
-46.4079561,-23.5934478,etec-de-cidade-tiradentes-ceu-alto-alegre
-46.4079561,-23.5934478,etec-de-cidade-tiradentes-ceu-sao-mateus
-46.4079561,-23.5934478,etec-de-cidade-tiradentes
-46.9131087,-23.6051601,etec-de-cotia
-47.7078742,-21.5540726,etec-de-cravinhos-emef-e-tecnica-de-quimica-de-luiz-antonio-luis-antonio
-47.7464506,-21.3363973,etec-de-cravinhos
-46.427171800000004,-23.8862283,etec-de-cubatao-ee-afonso-schimidt
-46.427171800000004,-23.8862283,etec-de-cubatao
-46.83605240000001,-23.6413019,etec-de-embu
-46.5575792,-23.5185412,etec-de-esportes-curt-walter-otto-baumgart
-46.3688926,-23.5304336,etec-de-ferraz-de-vasconcelos
-46.74668399999999,-23.289507,etec-de-francisco-morato
-46.3996062,-23.5529472,etec-de-guaianazes-ceu-jambeiro
-46.3996062,-23.5529472,etec-de-guaianazes-ceu-lajeado
-46.3996062,-23.5529472,etec-de-guaianazes
-48.3091011,-20.3301998,etec-de-guaira
-46.5013502,-23.4546656,etec-de-guarulhos
-46.5904782,-23.6218959,etec-de-heliopolis-arquiteto-ruy-ohtake
-47.22105639999999,-22.8573469,etec-de-hortolandia
-47.9995056,-21.9585732,etec-de-ibate
-51.3487707,-20.4322835,etec-de-ilha-solteira-ee-urubupunga
-51.3448268,-20.427942,etec-de-ilha-solteira
-46.7854124,-24.1687614,etec-de-itanhaem
-46.35716009999999,-23.5045652,etec-de-itaquaquecetuba-ceu-tres-pontes
-46.35716009999999,-23.5045652,etec-de-itaquaquecetuba
-46.3898958,-23.5132857,etec-de-itaquera-ceu-parque-veredas
-46.4388806,-23.5470505,etec-de-itaquera-ceu-vila-curuca
-46.4388806,-23.5470505,etec-de-itaquera
-49.3306862,-24.1099321,etec-de-itarare
-49.7603157,-21.6737376,etec-de-lins-ee-fernando-costa
-49.770124,-21.6581069,etec-de-lins-fatec-professor-antonio-seabra
-49.7613557,-21.6731964,etec-de-lins
-47.21351430000001,-23.6590051,etec-de-mairinque-ee-maria-angerami-scalamandre
-47.18476709999999,-23.5510997,etec-de-mairinque
-46.5869602,-23.3224641,etec-de-mairipora
-46.462892600000004,-23.6723755,etec-de-maua-ee-joao-paulo-ii
-46.462892600000004,-23.6723755,etec-de-maua
-47.31615,-22.9489101,etec-de-monte-mor
-46.9797322,-24.2885165,etec-de-peruibe
-47.730368,-23.8060713,etec-de-piedade-emef-profa-hilda-holtz-de-carvalho-pilar-do-sul
-47.730368,-23.8060713,etec-de-piedade
-46.3435453,-23.5135951,etec-de-poa
-47.5213826,-23.2108641,etec-de-porto-feliz
-46.50661360000001,-24.0324491,etec-de-praia-grande-balneario-maracana-praia-grande
-46.4349581,-24.0091127,etec-de-praia-grande
-48.00703739999999,-24.7028031,etec-de-registro-em-prof-carlos-alberto-vigneron-jacupiranga
-47.8481524,-24.4990601,etec-de-registro-faculdade-de-tecnologia-de-registro
-47.84939869999999,-24.5083434,etec-de-registro
-46.39794819999999,-23.7491798,etec-de-rio-grande-da-serra
-50.9271886,-20.2114923,etec-de-santa-fe-do-sul
-46.2261414,-23.3166152,etec-de-santa-isabel
-72.9828697,5.8741303,etec-de-santa-rosa-de-viterbo
-46.6331458,-23.5291814,etec-de-sao-paulo-ceu-butanta
-46.6331458,-23.5291814,etec-de-sao-paulo
-47.2537382,-23.5328007,etec-de-sao-roque-univesp-aluminio
-47.13740019999999,-23.5298156,etec-de-sao-roque
-45.4029319,-23.7931869,etec-de-sao-sebastiao-fatec-de-sao-sebastiao
-45.6910591,-23.7678909,etec-de-sao-sebastiao-instituto-verdescola-sao-sebastiao
-45.69099440000001,-23.7679279,etec-de-sao-sebastiao
-46.48694159999999,-23.6123557,etec-de-sapopemba-ceu-sao-rafael
-46.48694159999999,-23.6123557,etec-de-sapopemba-ceu-sapopemba
-46.48694159999999,-23.6123557,etec-de-sapopemba
-47.250876,-22.8147002,etec-de-sumare
-46.2959592,-23.5518309,etec-de-suzano
-46.7631242,-23.6050537,etec-de-taboao-da-serra
-46.5543914,-23.5175446,etec-de-tiquatira-ceu-tiquatira
-46.5542062,-23.5182392,etec-de-tiquatira
-46.89956720000001,-21.8445578,etec-de-vargem-grande-do-sul
-46.5242748,-23.5744219,etec-de-vila-formosa-ceu-aricanduva
-46.5242748,-23.5744219,etec-de-vila-formosa
-47.65862870000001,-22.7349268,etec-deputado-ary-de-camargo-pedroso
-50.8992047,-22.2267124,etec-deputado-francisco-franco
-49.647383,-22.2287685,etec-deputado-paulo-ornellas-carvalho-de-barros
-47.3938849,-22.1743614,etec-deputado-salim-sedeh
-46.3821591,-23.9435389,etec-dona-escolastica-rosa-ee-prof-a-zulmira-campos
-46.3263839,-23.9426566,etec-dona-escolastica-rosa-fatec-rubens-lara
-46.3263738,-23.9425875,etec-dona-escolastica-rosa
-48.55077199999999,-22.740802,etec-dona-sebastiana-de-barros
-48.5004394,-21.4154676,etec-doutor-adail-nunes-da-silva-fatec-de-taquaritinga
-48.4934089,-21.3998569,etec-doutor-adail-nunes-da-silva
-46.73313525872139,-22.170938973072296,etec-doutor-carolino-da-motta-e-silva-emeb-cidinha-corso
-46.73318889999999,-22.1709688,etec-doutor-carolino-da-motta-e-silva
-48.3335764,-23.988535,etec-doutor-celso-charuri
-48.698493347033285,-23.923714544148456,etec-doutor-dario-pacheco-pedroso
-48.893023,-23.9967527,etec-doutor-demetrio-azevedo-junior
-48.44428242801919,-22.882953941317624,etec-doutor-domingos-minicucci-filho
-46.7204282,-23.3350424,etec-doutor-emilio-hernandez-aguilar
-47.079524,-21.7753173,etec-doutor-francisco-nogueira-de-lima
-45.5308303,-23.0134716,etec-doutor-geraldo-jose-rodrigues-alckmin-fatec-de-taubate
-45.5308303,-23.0134716,etec-doutor-geraldo-jose-rodrigues-alckmin
-47.62504767219784,-22.86072253760517,etec-doutor-jose-coury
-50.5278511,-20.2955188,etec-doutor-jose-luiz-viana-coutinho
-47.4006943,-20.5149138,etec-doutor-julio-cardoso-faculdade-de-tecnologia-doutor-thomaz-novelino
-47.3987636,-20.5359571,etec-doutor-julio-cardoso
-50.6976585,-22.2246494,etec-doutor-luiz-cesar-couto
-47.7086161,-23.1053948,etec-doutor-nelson-alves-vianna
-50.31026689999999,-21.2828686,etec-doutor-renato-cordeiro
-46.6480243,-23.5308614,etec-doutora-maria-augusta-saraiva
-46.3835947,-23.9651765,etec-doutora-ruth-cardoso-ee-prof-a-zulmira-de-almeida-lambert
-46.3835947,-23.9651765,etec-doutora-ruth-cardoso
-46.7582143,-23.5225358,etec-dr-celso-giglio
-48.95669299999999,-21.1308377,etec-elias-nechar
-47.5462716,-24.6711605,etec-engenheiro-agronomo-narciso-de-medeiros-cozinha-escola-de-alimentos-da-prefeitura-de-iguape-iguape
-47.4580618,-24.2823321,etec-engenheiro-agronomo-narciso-de-medeiros-emef-diogo-ribeiro-miracatu
-47.5462716,-24.6711605,etec-engenheiro-agronomo-narciso-de-medeiros
-50.7317419,-21.9186019,etec-engenheiro-herval-bellusci-ee-aguia-de-haia
-51.1326318,-21.7032943,etec-engenheiro-herval-bellusci-emef-dr-irineu-buller-almeida-bastos
-51.1326318,-21.7032943,etec-engenheiro-herval-bellusci-fatec-de-adamantina
-51.1326318,-21.7032943,etec-engenheiro-herval-bellusci
-46.9848946,-22.7042274,etec-euro-albino-de-souza-em-professor-jose-roberto-chiavegato-bita-jaguariuna
-46.9305946,-22.344363,etec-euro-albino-de-souza
-47.4711936,-23.5117797,etec-fernando-prestes-ee-joao-climaco-de-camargo-pires
-47.6019977,-23.5083114,etec-fernando-prestes-em-cie-profo-osmar-giacomelli-aracoiaba-da-serra
-47.4711936,-23.5117797,etec-fernando-prestes-fatec-jose-crespo-gonzales
-47.4711936,-23.5117797,etec-fernando-prestes
-47.3154843,-22.8035256,etec-ferrucio-humberto-gazzetta
-47.00837139999999,-21.4840412,etec-francisco-garcia-fatec-mococa-mario-roberson-de-sylos
-47.00837139999999,-21.4840412,etec-francisco-garcia
-49.9658133,-20.417763,etec-frei-arnaldo-maria-de-itaporanga
-46.612268,-23.5893243,etec-getulio-vargas-ee-professor-roldao-lopes-de-barros
-46.612268,-23.5893243,etec-getulio-vargas
-46.7490081,-23.4008429,etec-gildo-marcal-bezerra-brandao-ceu-perus
-46.7490081,-23.4008429,etec-gildo-marcal-bezerra-brandao
-46.8255186,-23.3476316,etec-gino-rezaghi
-46.6971418,-23.562361,etec-guaracy-silveira
-47.9160473,-22.5405925,etec-gustavo-teixeira
-46.6893217,-23.7027395,etec-irma-agostina-ceu-cidade-dutra
-46.6603211,-23.7439169,etec-irma-agostina-ceu-navegantes
-46.6893217,-23.7027395,etec-irma-agostina-ceu-vila-rubi-jornalista-alexandre-kadunc
-46.6893217,-23.7027395,etec-irma-agostina
-46.4669331,-23.5443909,etec-itaquera-ii
-49.869132,-22.9708637,etec-jacinto-ferreira-de-sa-ee-virginia-ramalho
-49.8961666,-22.9507677,etec-jacinto-ferreira-de-sa-fatec-de-ourinhos
-49.88032724548456,-22.979705153245384,etec-jacinto-ferreira-de-sa
-46.725694,-23.4426428,etec-jaragua
-46.7659416,-23.6979923,etec-jardim-angela-ceu-feitico-da-vila
-46.7659416,-23.6979923,etec-jardim-angela-ceu-guarapiranga
-46.7659416,-23.6979923,etec-jardim-angela-ceu-vila-do-sol
-46.7659416,-23.6979923,etec-jardim-angela
-47.007803620633666,-21.472761233324334,etec-joao-baptista-de-lima-figueiredo
-47.0008934,-21.4739662,etec-joao-batista-de-lima-figueiredo-fatec-de-mococa-mario-robertson-de-syllos
-46.7650427,-22.7065477,etec-joao-belarmino
-47.2522385,-21.8271772,etec-joao-elias-margutti
-45.46929009999999,-22.9234542,etec-joao-gomes-de-araujo-fatec-de-pindamonhangaba
-45.46929009999999,-22.9234542,etec-joao-gomes-de-araujo
-49.9489873,-21.4585437,etec-joao-jorge-geraissate-emef-prof-victor-sansoni-avanhandava
-50.02252679999999,-21.3391038,etec-joao-jorge-geraissate
-46.83899780000001,-22.4462799,etec-joao-maria-stevanatto-fatec-ogali-de-castro-pacheco
-46.83899780000001,-22.4462799,etec-joao-maria-stevanatto
-48.384197,-22.369095,etec-joaquim-ferreira-do-amaral-emef-francisco-simoes-dois-corregos
-48.5627848,-22.2934452,etec-joaquim-ferreira-do-amaral-emef-prof-eurico-accolini-bariri
-48.5627848,-22.2934452,etec-joaquim-ferreira-do-amaral
-46.5781822,-23.6375198,etec-jorge-street-ceu-parque-bristol
-46.5781822,-23.6375198,etec-jorge-street-ee-prof-a-maria-trujilo-torloni
-46.5781822,-23.6375198,etec-jorge-street-fatec-antonio-russo
-46.5781822,-23.6375198,etec-jorge-street
-46.6969678,-23.6139788,etec-jornalista-roberto-marinho
-47.8023213,-21.1693982,etec-jose-martimiano-da-silva-ee-prof-a-amelia-dos-santos-musa
-47.8023213,-21.1693982,etec-jose-martimiano-da-silva-ee-winston-churchill
-48.1527369,-21.1882885,etec-jose-martimiano-da-silva-em-arminio-giraldi-barrinha
-47.8023213,-21.1693982,etec-jose-martimiano-da-silva-fatec-de-tecnologia-deputado-waldyr-alceu-trigo
-47.8023213,-21.1693982,etec-jose-martimiano-da-silva
-46.96395705329557,-23.54446347019604,etec-jose-miguel-soares
-46.5781814,-23.5834764,etec-jose-rocha-mendes
-46.53042019999999,-23.6597726,etec-julio-de-mesquita-ee-americo-brasiliense
-46.53042019999999,-23.6597726,etec-julio-de-mesquita
-46.6109024,-23.6990115,etec-juscelino-kubitschek-de-oliveira-ceu-caminho-do-mar
-46.6109024,-23.6990115,etec-juscelino-kubitschek-de-oliveira-ee-senador-robert-kennedy
-46.6109024,-23.6990115,etec-juscelino-kubitschek-de-oliveira
-48.014996,-20.1904555,etec-laurindo-alves-de-queiroz
-46.5470962,-23.6957054,etec-lauro-gomes-ee-prof-a-cynira-pires-dos-santos
-46.5470962,-23.6957054,etec-lauro-gomes-ee-prof-carlos-pezzolo
-46.5470962,-23.6957054,etec-lauro-gomes-fatec-adib-moisees-dib
-46.5470962,-23.6957054,etec-lauro-gomes
-45.7016318,-23.1067251,etec-machado-de-assis
-46.629214,-23.4869115,etec-mandaqui
-47.4703038,-21.7078503,etec-manoel-dos-reis-araujo
-46.5630241,-23.5453942,etec-martin-luther-king-ee-joao-crispiniano-soares
-46.5630241,-23.5453942,etec-martin-luther-king
-47.2901751,-23.2874925,etec-martinho-di-ciero-fatec-dom-amauri-castanho
-47.2901751,-23.2874925,etec-martinho-di-ciero
-49.648234,-22.2085745,etec-monsenhor-antonio-magliano-fatec-deputado-julio-julinho-marcondes-de-moura
-49.648234,-22.2085745,etec-monsenhor-antonio-magliano
-49.4734823,-23.0138429,etec-orlando-quagliato-emef-dr-antonio-carlos-de-abreu-sodre-bernardino-de-campos
-49.5245239,-22.8173607,etec-orlando-quagliato
-45.1282658,-22.7322738,etec-padre-carlos-leoncio-da-silva
-49.70036349999999,-20.7669878,etec-padre-jose-nunes-dias
-46.5855077,-23.5354007,etec-parque-belem
-46.623938,-23.5087,etec-parque-da-juventude-ceu-jacana
-46.623938,-23.5087,etec-parque-da-juventude-emefm-prof-derville-allegretti
-46.623938,-23.5087,etec-parque-da-juventude
-47.87948,-22.0144337,etec-paulino-botelho-fatec-de-sao-carlos
-47.87948,-22.0144337,etec-paulino-botelho
-46.7139593,-23.4631739,etec-paulistano-ceu-jardim-paulistano
-46.7139593,-23.4631739,etec-paulistano
-46.7145316,-23.3754693,etec-paulo-do-carmo-monteiro
-49.8327883,-22.2502571,etec-paulo-guerreiro-franco
-47.8621156,-20.5886455,etec-pedro-badran
-50.5822054,-22.7478588,etec-pedro-darcadia-neto-polo-universitario-odila-guedes-ribeiro-taruma
-50.4240021,-22.6698719,etec-pedro-darcadia-neto
-47.1731204,-22.3318007,etec-pedro-ferreira-alves-emef-alonso-ferreira-de-camargo-conchal
-46.9512417,-22.4255079,etec-pedro-ferreira-alves-fatec-arthur-de-azevedo
-46.9512417,-22.4255079,etec-pedro-ferreira-alves
-49.37653719999999,-20.8126993,etec-philadelpho-gouvea-netto-centro-de-qualificacao-profissional-e-emprego-sao-jose-do-rio-preto
-49.4040825,-20.8109603,etec-philadelpho-gouvea-netto
-47.3501613,-22.7396868,etec-polivalente-de-americana-fatec-ministro-ralph-biasi
-47.3147128,-22.7354322,etec-polivalente-de-americana
-47.3966488,-22.3561235,etec-prefeito-alberto-feres-ee-dr-cesario-coimbra
-47.3966488,-22.3561235,etec-prefeito-alberto-feres-faculdade-de-tecnologia-antonio-brambilla
-47.3966488,-22.3561235,etec-prefeito-alberto-feres
-46.8998271,-23.5281194,etec-prefeito-braz-paschoalin
-49.1662641,-23.092786,etec-prefeito-jose-esteves
-46.1845378,-23.5242929,etec-presidente-vargas
-46.5235001,-23.5806819,etec-professor-adhemar-batista-hemeritas-ceu-formosa
-46.5235001,-23.5806819,etec-professor-adhemar-batista-hemeritas
-51.1709373,-22.148766,etec-professor-adolpho-arruda-mello-em-francisco-marques-bonilha-martinopolis
-51.4740895,-22.078227,etec-professor-adolpho-arruda-mello-emeif-alvares-machado-alvares-machado
-51.4997289,-22.2764182,etec-professor-adolpho-arruda-mello-emeif-professor-celestino-martins-padovan-pirapozinho
-51.38731989999999,-22.1207836,etec-professor-adolpho-arruda-mello-fatec-de-presidente-prudente
-51.38958438755814,-22.12247429678103,etec-professor-adolpho-arruda-mello
-47.8911342,-20.7152043,etec-professor-alcidio-de-souza-prado
-45.2004312,-22.800673,etec-professor-alfredo-de-barros-santos-faculdade-de-tecnologia-joao-mod
-45.2004312,-22.800673,etec-professor-alfredo-de-barros-santos
-40.0751547,-18.9057387,etec-professor-andre-bogasian-ceu-jaguare
-46.77826899999999,-23.5248286,etec-professor-andre-bogasian
-46.5391507,-23.5310274,etec-professor-aprigio-gonzaga-ceu-quinta-do-sol
-46.5554139,-23.4757001,etec-professor-aprigio-gonzaga-ee-coronel-ary-gomes
-46.5420584,-23.5151913,etec-professor-aprigio-gonzaga-ee-esther-frankel-sampaio
-46.5391507,-23.5310274,etec-professor-aprigio-gonzaga
-47.56088769999999,-22.4163777,etec-professor-armando-bayeux-da-silva-ee-joaquim-ribeiro
-47.561858,-22.4124893,etec-professor-armando-bayeux-da-silva
-50.2420595,-20.2806135,etec-professor-armando-jose-farinazzo
-46.7277865,-23.5208186,etec-professor-basilides-de-godoy-ceu-parque-anhanguera
-46.7277865,-23.5208186,etec-professor-basilides-de-godoy
-46.59794240000001,-23.5532296,etec-professor-camargo-aranha
-47.39881507068084,-20.46868327767826,etec-professor-carmelino-correa-junior-fatec-dr-thomaz-novelino
-47.39881507068084,-20.46868327767826,etec-professor-carmelino-correa-junior
-46.581356,-23.1185567,etec-professor-carmine-biagio-tundisi
-51.4065608,-22.1234284,etec-professor-doutor-antonio-eufrasio-toledo-fatec-de-presidente-prudente
-51.37545874522809,-22.175108720871897,etec-professor-doutor-antonio-eufrasio-toledo
-47.3815239,-22.7332472,etec-professor-doutor-jose-dagnoni
-47.9885387,-23.8880449,etec-professor-edson-galvao-emeif-arani-jose-da-silva-sao-miguel-arcanjo
-47.89613259999999,-23.5516538,etec-professor-edson-galvao-emeif-luciano-jose-ramos-alambari
-48.03608029999999,-23.5823667,etec-professor-edson-galvao-escola-de-ensino-fundamental-santo-tomas-de-aquino-itapetininga
-48.0380289,-23.4705322,etec-professor-edson-galvao
-47.4414853,-23.5564309,etec-professor-elias-miguel-junior-ee-comendador-pereira-inacio
-47.4414853,-23.5564309,etec-professor-elias-miguel-junior-fatec-de-votorantim
-47.4414853,-23.5564309,etec-professor-elias-miguel-junior
-51.06981,-21.6778431,etec-professor-eudecio-luiz-vicente-fatec-de-adamantina
-51.06976708756903,-21.677853050177024,etec-professor-eudecio-luiz-vicente
-48.932148702875985,-23.117243562992737,etec-professor-fausto-mazzola
-47.5661582,-21.46648,etec-professor-francisco-dos-santos
-46.5964085,-23.5194775,etec-professor-horacio-augusto-da-silveira-ee-albino-cesar
-46.59636558752338,-23.519487316354933,etec-professor-horacio-augusto-da-silveira-ee-professora-carmosina-monteiro-vianna
-46.5964085,-23.5194775,etec-professor-horacio-augusto-da-silveira
-48.4722679,-20.8882546,etec-professor-idio-zucchi-fundacao-coopercitrus-credicitrus-bebedouro
-48.50603003176444,-20.934466821931608,etec-professor-idio-zucchi
-47.6224576,-21.9084711,etec-professor-jadyr-salles
-51.6466996,-22.9667126,etec-professor-jose-carlos-seno-junior-emeb-profa-mercia-julia-barbosa-velho-guaraci
-48.91131516060426,-20.746803347077,etec-professor-jose-carlos-seno-junior
-47.790079560613975,-20.329352544446003,etec-professor-jose-ignacio-azevedo-filho
-44.9560976,-22.5857024,etec-professor-jose-santana-de-castro
-50.3743972,-22.743103,etec-professor-luiz-pires-barbosa
-45.201339,-22.5948512,etec-professor-marcos-uchoas-dos-santos-penchel-escola-municipal-antonio-joao-piquete
-45.012915,-22.663195,etec-professor-marcos-uchoas-dos-santos-penchel
-50.207773,-22.7905001,etec-professor-mario-antonio-verza
-50.5271041,-21.938607,etec-professor-massuyuki-kawano
-49.5099922,-20.8208897,etec-professor-matheus-leite-de-abreu
-51.6536352,-21.9761509,etec-professor-milton-gazzetti-emef-enrico-bertoni-santo-anastacio
-51.854917,-21.8642415,etec-professor-milton-gazzetti
-49.7829227,-23.0070045,etec-professor-pedro-leme-brisolla-sobrinho-emef-luiz-gimenez-canitar
-49.70861619999999,-23.040667,etec-professor-pedro-leme-brisolla-sobrinho-emef-olegario-bueno-chavantes
-49.630396658699794,-23.054227835200592,etec-professor-pedro-leme-brisolla-sobrinho
-46.8908044,-21.6137588,etec-professor-rodolpho-jose-del-guerra
-48.7825064,-22.1936883,etec-professor-urias-ferreira-centro-de-treinamento-professora-djanir-sgavioli-sin-boraceia
-40.64902439999999,-20.8040572,etec-professor-urias-ferreira-ee-anchieta
-48.6160392,-22.1878651,etec-professor-urias-ferreira
-48.4952696,-21.8356149,etec-professora-anna-de-oliveira-ferraz-emef-martha-ferreira-da-cruz-gaviao-peixoto
-48.1776635,-21.7863822,etec-professora-anna-de-oliveira-ferraz
-51.7519839,-21.3528614,etec-professora-carmelina-barbosa-ee-ministro-oscar-pedroso-horta-santa-mercedes
-51.4373487,-21.5101659,etec-professora-carmelina-barbosa-em-professor-jair-luiz-da-silva-junqueiropolis
-51.5804901,-21.4499492,etec-professora-carmelina-barbosa
-46.7503951,-23.4365908,etec-professora-doutora-doroti-quiomi-kanashiro-toyohara-ceu-pera-marmelo
-46.72455,-23.4845282,etec-professora-doutora-doroti-quiomi-kanashiro-toyohara
-46.9175769568407,-23.44764652153393,etec-professora-ermelinda-giannini-teixeira
-49.85995459999999,-21.5349037,etec-professora-helcy-moreira-martins-aguiar-emef-colegio-xavier-promissao
-49.61702487407272,-21.80380729612248,etec-professora-helcy-moreira-martins-aguiar
-45.8881691,-23.2307054,etec-professora-ilza-nascimento-pintus-ee-prof-jose-vieira-macedo
-45.90677050000001,-23.219912,etec-professora-ilza-nascimento-pintus
-46.3318938,-23.3859907,etec-professora-luzia-maria-machado
-46.4140284586831,-23.703969483923224,etec-professora-maria-cristina-medeiros
-49.0729871,-21.6219061,etec-professora-marines-teodoro-de-freitas-almeida-emeif-profa-ana-rosa-borborema
-49.2255869299029,-21.465718364938297,etec-professora-marines-teodoro-de-freitas-almeida
-49.2246518,-21.4649748,etec-professora-marines-teodoro-de-freitas-emef-manoel-roque-novo-horizonte
-52.1618282,-22.5333286,etec-professora-nair-luccas-ribeiro
-49.2456502605367,-23.531068932158185,etec-professora-terezinha-monteiro-dos-santos
-46.79831660000001,-23.5876612,etec-raposo-tavares
-49.0733621,-22.3297171,etec-rodrigues-de-abreu-ee-ernesto-monte
-49.0733621,-22.3297171,etec-rodrigues-de-abreu-fatec-de-bauru
-49.0733621,-22.3297171,etec-rodrigues-de-abreu
-46.7932656,-22.8821197,etec-rosa-perrone-scavone-emef-antonio-rodrigues-da-silva-morungaba
-46.8464324,-23.008049,etec-rosa-perrone-scavone
-47.45613170000001,-23.5076881,etec-rubens-de-faria-e-souza
-47.84550369999999,-23.3465157,etec-sales-gomes-fatec-professor-wilson-roberto-ribeiro-de-camargo
-47.6898918,-23.3504027,etec-sales-gomes-ipero
-47.84550369999999,-23.3465157,etec-sales-gomes
-46.6371203,-23.5383112,etec-santa-ifigenia
-46.4996333,-23.5788038,etec-sao-mateus
-51.32071759999999,-20.9738224,etec-sebastiana-augusta-de-moraes-ee-alice-marques-da-silva-rocha
-51.32071759999999,-20.9738224,etec-sebastiana-augusta-de-moraes-ee-dona-noemia-dias-perotti
-51.32071759999999,-20.9738224,etec-sebastiana-augusta-de-moraes-ee-vicente-barbosa
-51.3858222,-20.9102649,etec-sebastiana-augusta-de-moraes-em-fundacao-educacional-de-andradina-andradina
-51.32071759999999,-20.9738224,etec-sebastiana-augusta-de-moraes
-46.6473071,-23.5329093,etec-sebrae
-48.3677099,-21.604093,etec-sylvio-de-mattos-carvalho
-46.6442002,-23.7047679,etec-takashi-morita-ceu-alvarenga
-46.7243151,-23.828783,etec-takashi-morita-ceu-parelheiros
-46.71499650313746,-23.650980131563227,etec-takashi-morita
-47.4414324,-21.998562,etec-tenente-aviador-gustavo-klug
-46.48172599999999,-23.551482,etec-tereza-aparecida-cardoso-nunes-de-oliveira-faculdade-de-tecnologia-de-itaquera-professor-miguel-reale
-46.48172599999999,-23.551482,etec-tereza-aparecida-cardoso-nunes-de-oliveira
-47.4074952,-22.566735,etec-trajano-camargo
-46.790472,-23.6009705,etec-uirapuru
-47.0559072,-23.1507067,etec-vasco-antonio-venchiarutti-cemeb-victoria-comodo-raymundo-fernandes-itupeva
-46.8734361,-23.2363865,etec-vasco-antonio-venchiarutti
-48.82612517407392,-21.754625762622982,etec-vereador-e-vice-prefeito-sergio-da-fonseca
-49.3487744,-23.1927385,etec-waldyr-duron-junior
-46.475812,-23.5231922,etec-zona-leste-ceu-azul-da-cor-do-mar
-46.475812,-23.5231922,etec-zona-leste-ceu-parque-sao-carlos
-46.475812,-23.5231922,etec-zona-leste-ceu-sao-miguel-luiz-melodia
-46.475812,-23.5231922,etec-zona-leste-fatec-zona-leste
-46.475812,-23.5231922,etec-zona-leste
